Pakbon;Filiaal;Datum;Artikel nr;Artikel id;Leverancier;Hoofdgroep;Kleur id;Kleur;Kleur leverancier;Maat;Barcode;Barcode leverancier;Aantal;Material;GN -code;Weight article;Origin;Netto;Kostprijs;Valuta;Kostprijs Valuta
824141;26;10-06-2025;00017180;248/30;Garcia;Pants denim;EKA00000200022357;8819-medium used;8819-medium used;31-30;2900074262046;8713215807631;1;COT 72%,RCO 20%,PL 6%,EA 2%;62046231;805;TN;700;22,83;CHF;21,46
824141;26;10-06-2025;00028282;615;Garcia;Bermuda/Shorts;EKA00000200021025;5000-white;5000-white;38;2900077734014;8713215894495;1;COT 85%,PL 13%,EA 2%;62034235;460;BD;400;13,08;CHF;12,30
824141;26;10-06-2025;00028282;615;Garcia;Bermuda/Shorts;EKA00000200021025;5000-white;5000-white;36;2900077734021;8713215894488;1;COT 85%,PL 13%,EA 2%;62034235;460;BD;400;13,08;CHF;12,30
824141;26;10-06-2025;00028282;615;Garcia;Bermuda/Shorts;EKA00000200021025;5000-white;5000-white;33;2900077734038;8713215894464;2;COT 85%,PL 13%,EA 2%;62034235;460;BD;400;13,08;CHF;12,30
824141;26;10-06-2025;00028282;615;Garcia;Bermuda/Shorts;EKA00000200021025;5000-white;5000-white;34;2900077734045;8713215894471;1;COT 85%,PL 13%,EA 2%;62034235;460;BD;400;13,08;CHF;12,30
824141;26;10-06-2025;00028282;615;Garcia;Bermuda/Shorts;EKA00000200021025;5000-white;5000-white;32;2900077734052;8713215894457;2;COT 85%,PL 13%,EA 2%;62034235;460;BD;400;13,08;CHF;12,30
824141;26;10-06-2025;00028282;615;Garcia;Bermuda/Shorts;EKA00000200021025;5000-white;5000-white;28;2900077734069;8713215894419;1;COT 85%,PL 13%,EA 2%;62034235;460;BD;400;13,08;CHF;12,30
824141;26;10-06-2025;00028282;615;Garcia;Bermuda/Shorts;EKA00000200021025;5000-white;5000-white;29;2900077734076;8713215894426;1;COT 85%,PL 13%,EA 2%;62034235;460;BD;400;13,08;CHF;12,30
824141;26;10-06-2025;00028282;615;Garcia;Bermuda/Shorts;EKA00000200021025;5000-white;5000-white;27;2900077734083;8713215894600;1;COT 85%,PL 13%,EA 2%;62034235;460;BD;400;13,08;CHF;12,30
824141;26;10-06-2025;00028282;615;Garcia;Bermuda/Shorts;EKA00000200021025;5000-white;5000-white;31;2900077734090;8713215894440;2;COT 85%,PL 13%,EA 2%;62034235;460;BD;400;13,08;CHF;12,30
824141;26;10-06-2025;00028282;615;Garcia;Bermuda/Shorts;EKA00000200021025;5000-white;5000-white;30;2900077734106;8713215894433;2;COT 85%,PL 13%,EA 2%;62034235;460;BD;400;13,08;CHF;12,30
824141;26;10-06-2025;00032931;248/28;Garcia;Pants denim;EKA00000200022357;8819-medium used;8819-medium used;29-28;2900074261032;8713215807945;1;COT 72%,RCO 20%,PL 6%,EA 2%;62046231;805;TN;700;22,83;CHF;21,46
824141;26;10-06-2025;00034714;395;Garcia;Pants denim;EKA00000200022598;5317-bleached;5317-bleached;140;2900076375034;8717519150462;1;COT 79%,RCO 20%,EA 1%;62034231;690;BD;600;14,46;CHF;13,59
824141;26;10-06-2025;00036505;249/32;Garcia;Pants denim;EKA00000200022530;8190-dark used;8190-dark used;29-32;2900075690039;8713215908109;1;COT 79%,RCO 20%,EA 1%;62046231;805;TR;700;20,25;CHF;19,04
824141;26;10-06-2025;00037313;B50030;Garcia;Shirt long sleeves;EKA00000200016753;60-black;60-black;L;2900076289041;8717519035318;1;VIS 100%;62064000;230;CN;200;15,74;CHF;14,80
824141;26;10-06-2025;00037905;Z0013;Garcia;Pullovers;EKA00000200022148;4294-whitecap;4294-whitecap;S;2900077174025;8713215953017;1;COT 60%,ACR 40%;61102099;403;CN;350;13,47;CHF;12,66
824197;26;10-06-2025;00008854;630/32;Garcia;Pants denim;EKA00000200022681;8381-light used;8381-light used;31-32;2900076943158;8717519166050;1;COT 72%,RCO 20%,PL 6%,EA 2%;62034231;920;BD;800;17,35;CHF;16,31
824197;26;10-06-2025;00008864;244/30;Garcia;Pants denim;EKA00000200022404;3634-medium used;3634-medium used;33-30;2900074610199;8713215896987;1;COT 54%,LY 44%,EA 2%;62046918;403;CN;350;21,85;CHF;20,54
824197;26;10-06-2025;00016880;Garcia Medium Paper Bag;Garcia;Diversen;01;01;01;ONE;2900039732010;;1;Paper;48089000;12000;NL;11000;0,01;CHF;0,01
824197;26;10-06-2025;00022575;611/32;Garcia;Pants denim;EKA00000200021455;4522-dark used;4522-dark used;33-32;2900068020089;8713215114456;1;COT 99%,EA 1%;62034235;690;BD;600;18,21;CHF;17,12
824197;26;10-06-2025;00022575;611/32;Garcia;Pants denim;EKA00000200022383;1861-rinsed;1861-rinsed;33-32;2900074446088;8713215884472;1;COT 99%,EA 1%;62034235;690;BD;600;17,44;CHF;16,39
824197;26;10-06-2025;00022575;611/32;Garcia;Pants denim;EKA00000200022483;7339-base army;7339-base army;34-32;2900075270040;8717519003195;1;COT 99%,EA 1%;62034235;690;BD;600;16,53;CHF;15,54
824197;26;10-06-2025;00025354;700;Garcia;Colberts (incl gilets);EKA00000200022301;4915-light used;4915-light used;L;2900073914045;8713215365452;2;COT 70%,RCO 20%,PL 8%,EA 2%;62043290;575;TR;500;17,98;CHF;16,90
824197;26;10-06-2025;00025864;Z1025/C;Van Zon mode;Accessory;218;218-grey;218;M;2900073384039;;1;LEA100%;42033000;115;NL;100;5,06;CHF;4,76
824197;26;10-06-2025;00025864;Z1025/C;Van Zon mode;Accessory;60;60-black;60;M;2900056606035;8713215105331;1;LEA100%;42033000;115;NL;100;5,05;CHF;4,75
824197;26;10-06-2025;00025874;Z2020/C;Van Zon mode;Accessory;204;204-brown;204;140;2900077106057;;1;LEA100%;42033000;80;NL;70;4,79;CHF;4,50
824197;26;10-06-2025;00027865;Z0080;Garcia;Accessory;EKA00000200016753;60-black;60-black;36-42;2900059966013;8718212410136;3;COT 75%,POL 20%,EA 5%;61159500;115;DK;100;4,31;CHF;4,05
824197;26;10-06-2025;00027865;Z0080;Garcia;Accessory;EKA00000200016753;60-black;60-black;40-46;2900059966020;8718212411782;6;COT 75%,POL 20%,EA 5%;61159500;115;DK;100;4,32;CHF;4,06
824197;26;10-06-2025;00027865;Z0080;Garcia;Accessory;EKA00000200019907;50-white;50-white;36-42;2900059967010;8718212410129;4;COT 75%,POL 20%,EA 5%;61159500;115;DK;100;4,32;CHF;4,06
824197;26;10-06-2025;00027865;Z0080;Garcia;Accessory;EKA00000200019907;50-white;50-white;40-46;2900059967027;8718212411775;1;COT 75%,POL 20%,EA 5%;61159500;115;DK;100;4,32;CHF;4,06
824197;26;10-06-2025;00028282;615;Garcia;Bermuda/Shorts;EKA00000200022100;5904-cement;5904-cement;34;2900076534042;8717519158871;1;COT 85%,PL 13%,EA 2%;62034235;460;BD;400;14,39;CHF;13,53
824197;26;10-06-2025;00028282;615;Garcia;Bermuda/Shorts;EKA00000200022233;4815-stone blue;4815-stone blue;33;2900076532031;8717519159083;1;COT 85%,PL 13%,EA 2%;62034235;460;BD;400;14,39;CHF;13,53
824197;26;10-06-2025;00028282;615;Garcia;Bermuda/Shorts;EKA00000200022233;4815-stone blue;4815-stone blue;34;2900076532048;8717519159090;1;COT 85%,PL 13%,EA 2%;62034235;460;BD;400;14,39;CHF;13,53
824197;26;10-06-2025;00028282;615;Garcia;Bermuda/Shorts;EKA00000200022620;4939-medium used;4939-medium used;33;2900076527037;8717519157270;2;COT 85%,PL 13%,EA 2%;62034235;460;BD;400;14,04;CHF;13,20
824197;26;10-06-2025;00029227;Z3026/C;Van Zon mode;Accessory;60;60-black;60 ;164;2900062367081;8713215106109;2;LEA100%;42033000;80;NL;70;5,11;CHF;4,80
824197;26;10-06-2025;00030848;Z0043/C;Van Zon mode;Accessory;60;60-black;60;M;2900064876031;290006487603;1;LEA100%;42033000;80;NL;70;6,68;CHF;6,28
824197;26;10-06-2025;00032596;Z1092;Garcia;T-shirts.s(incl singlets);EKA00000200016592;292-dark moon;292-dark moon;L;2900068243037;8713215257375;1;COT 100%;61091000;173;BD;150;5,01;CHF;4,71
824197;26;10-06-2025;00032596;Z1092;Garcia;T-shirts.s(incl singlets);EKA00000200016753;60-black;60-black;M;2900068245024;8713215257481;2;COT 100%;61091000;173;BD;150;5,01;CHF;4,71
824197;26;10-06-2025;00032596;Z1092;Garcia;T-shirts.s(incl singlets);EKA00000200016753;60-black;60-black;L;2900068245031;8713215257498;8;COT 100%;61091000;173;BD;150;5,01;CHF;4,71
824197;26;10-06-2025;00032597;Z1093;Garcia;T-shirts long sleeve;EKA00000200016753;60-black;60-black;S;2900068248018;8713215257665;1;COT 100%;61091000;173;BD;150;5,73;CHF;5,39
824197;26;10-06-2025;00032597;Z1093;Garcia;T-shirts long sleeve;EKA00000200016753;60-black;60-black;XXL;2900068248056;8713215257702;4;COT 100%;61091000;173;BD;150;5,74;CHF;5,40
824197;26;10-06-2025;00032598;Z1091;Garcia;T-shirts.s(incl singlets);EKA00000200016592;292-dark moon;292-dark moon;L;2900072635033;8713215688612;1;COT 95%,EA 5%;61091000;173;BD;150;5,01;CHF;4,71
824197;26;10-06-2025;00032598;Z1091;Garcia;T-shirts.s(incl singlets);EKA00000200016592;292-dark moon;292-dark moon;XL;2900072635040;8713215688629;1;COT 95%,EA 5%;61091000;173;BD;150;5,01;CHF;4,71
824197;26;10-06-2025;00032598;Z1091;Garcia;T-shirts.s(incl singlets);EKA00000200016753;60-black;60-black;S;2900068251018;8713215257856;1;COT 95%,EA 5%;61091000;173;BD;150;5,01;CHF;4,71
824197;26;10-06-2025;00032598;Z1091;Garcia;T-shirts.s(incl singlets);EKA00000200016753;60-black;60-black;M;2900068251025;8713215257863;1;COT 95%,EA 5%;61091000;173;BD;150;5,01;CHF;4,71
824197;26;10-06-2025;00032598;Z1091;Garcia;T-shirts.s(incl singlets);EKA00000200016753;60-black;60-black;XXL;2900068251056;8713215257894;6;COT 95%,EA 5%;61091000;173;BD;150;5,01;CHF;4,71
824197;26;10-06-2025;00032598;Z1091;Garcia;T-shirts.s(incl singlets);EKA00000200019907;50-white;50-white;S;2900068250011;8713215257795;3;COT 95%,EA 5%;61091000;173;BD;150;5,01;CHF;4,71
824197;26;10-06-2025;00032598;Z1091;Garcia;T-shirts.s(incl singlets);EKA00000200019907;50-white;50-white;L;2900068250035;8713215257818;2;COT 95%,EA 5%;61091000;173;BD;150;5,01;CHF;4,71
824197;26;10-06-2025;00032598;Z1091;Garcia;T-shirts.s(incl singlets);EKA00000200019907;50-white;50-white;XXL;2900068250059;8713215257832;2;COT 95%,EA 5%;61091000;173;BD;150;5,01;CHF;4,71
824197;26;10-06-2025;00032599;Z1090;Garcia;T-shirts.s(incl singlets);EKA00000200016592;292-dark moon;292-dark moon;L;2900072634036;8713215688667;2;COT 95%,EA 5%;61091000;173;BD;150;5,01;CHF;4,71
824197;26;10-06-2025;00032599;Z1090;Garcia;T-shirts.s(incl singlets);EKA00000200016592;292-dark moon;292-dark moon;XL;2900072634043;8713215688674;1;COT 95%,EA 5%;61091000;173;BD;150;5,01;CHF;4,71
824197;26;10-06-2025;00032599;Z1090;Garcia;T-shirts.s(incl singlets);EKA00000200016592;292-dark moon;292-dark moon;XXL;2900072634050;8713215688681;1;COT 95%,EA 5%;61091000;173;BD;150;5,01;CHF;4,71
824197;26;10-06-2025;00032599;Z1090;Garcia;T-shirts.s(incl singlets);EKA00000200016753;60-black;60-black;L;2900068253036;8713215258006;2;COT 95%,EA 5%;61091000;173;BD;150;5,01;CHF;4,71
824197;26;10-06-2025;00032599;Z1090;Garcia;T-shirts.s(incl singlets);EKA00000200016753;60-black;60-black;XL;2900068253043;8713215258013;3;COT 95%,EA 5%;61091000;173;BD;150;5,01;CHF;4,71
824197;26;10-06-2025;00032599;Z1090;Garcia;T-shirts.s(incl singlets);EKA00000200016753;60-black;60-black;XXL;2900068253050;8713215258020;5;COT 95%,EA 5%;61091000;173;BD;150;5,01;CHF;4,71
824197;26;10-06-2025;00032599;Z1090;Garcia;T-shirts.s(incl singlets);EKA00000200019907;50-white;50-white;L;2900068252039;8713215257948;3;COT 95%,EA 5%;61091000;173;BD;150;5,01;CHF;4,71
824197;26;10-06-2025;00032599;Z1090;Garcia;T-shirts.s(incl singlets);EKA00000200019907;50-white;50-white;XL;2900068252046;8713215257955;5;COT 95%,EA 5%;61091000;173;BD;150;5,01;CHF;4,71
824197;26;10-06-2025;00032599;Z1090;Garcia;T-shirts.s(incl singlets);EKA00000200019907;50-white;50-white;XXL;2900068252053;8713215257962;1;COT 95%,EA 5%;61091000;173;BD;150;5,01;CHF;4,71
824197;26;10-06-2025;00035411;Z1044/C;Van Zon mode;Accessory;204;204-brown;204;M;2900073386033;;1;LEA100%;42033000;80;NL;70;5,60;CHF;5,26
824197;26;10-06-2025;00035412;Z0049/C;Van Zon mode;Accessory;273;273-cognac;273;S;2900073388020;;1;LEA100%;42033000;80;NL;70;5,06;CHF;4,76
824197;26;10-06-2025;00035412;Z0049/C;Van Zon mode;Accessory;273;273-cognac;273;M;2900073388037;;1;LEA100%;42033000;80;NL;70;5,06;CHF;4,76
824197;26;10-06-2025;00035412;Z0049/C;Van Zon mode;Accessory;318;318-natural;318;XS;2900073389010;;1;LEA100%;42033000;80;NL;70;5,06;CHF;4,76
824197;26;10-06-2025;00035425;P22527;Garcia;Bermuda/Shorts;EKA00000200020734;1495-denim blue;1495-denim blue;140;2900073419038;8713215427372;1;COT 100%;62046239;311;CN;270;8,99;CHF;8,45
824197;26;10-06-2025;00035709;PG31022;Garcia;T-shirts.s(incl singlets);EKA00000200020510;1970-base army;1970-base army;L;2900073875032;8713215781610;1;COT 100%;61091000;173;BD;150;5,87;CHF;5,52
824197;26;10-06-2025;00035965;Z1163/32;Garcia;Pants non denim;EKA00000200016592;292-dark moon;292-dark moon;29-32;2900074289029;8713215830318;1;COT 98%,EA 2%;62034235;690;CN;600;20,57;CHF;19,34
824197;26;10-06-2025;00035965;Z1163/32;Garcia;Pants non denim;EKA00000200017994;1805-washed army;1805-washed army;31-32;2900074290049;8713215854802;2;COT 98%,EA 2%;62034235;690;CN;600;20,16;CHF;18,95
824197;26;10-06-2025;00035965;Z1163/32;Garcia;Pants non denim;EKA00000200017994;1805-washed army;1805-washed army;33-32;2900074290063;8713215854826;1;COT 98%,EA 2%;62034235;690;CN;600;20,14;CHF;18,93
824197;26;10-06-2025;00035965;Z1163/32;Garcia;Pants non denim;EKA00000200021608;3031-sandcastle;3031-sandcastle;32-32;2900074291053;8713215854925;1;COT 98%,EA 2%;62034235;690;CN;600;20,14;CHF;18,93
824197;26;10-06-2025;00035965;Z1163/32;Garcia;Pants non denim;EKA00000200021608;3031-sandcastle;3031-sandcastle;34-32;2900074291077;8713215854949;1;COT 98%,EA 2%;62034235;690;CN;600;20,13;CHF;18,92
824197;26;10-06-2025;00036117;O40009;Garcia;T-shirts.s(incl singlets);EKA00000200019884;53-off white;53-off white;M;2900076555030;8713215829183;2;COT 50%,VIS 50%;61091000;173;CN;150;8,99;CHF;8,45
824197;26;10-06-2025;00036118;O40021;Garcia;Singlets;EKA00000200016753;60-black;60-black;M;2900074519034;8713215825932;1;RPL 95%,EA 5%;61091000;86;CN;75;6,28;CHF;5,90
824197;26;10-06-2025;00036183;273;Garcia;Bermuda/Shorts;EKA00000200022405;5057-white;5057-white;29;2900074613053;8713215897601;1;COT 79%,RCO 20%,EA 1%;62046239;345;BD;300;12,00;CHF;11,28
824197;26;10-06-2025;00036183;273;Garcia;Bermuda/Shorts;EKA00000200022617;6607-medium used;6607-medium used;28;2900076518042;8713215894532;1;COT 79%,RCO 20%,EA 1%;62046239;345;BD;300;12,11;CHF;11,38
824197;26;10-06-2025;00036464;PG41010;Garcia;Bermuda/Shorts;EKA00000200021988;481-b.graphite;481-b.graphite;S;2900075085026;8713215917934;2;COT 98%,EA 2%;62034235;690;BD;600;15,38;CHF;14,46
824197;26;10-06-2025;00036464;PG41010;Garcia;Bermuda/Shorts;EKA00000200021988;481-b.graphite;481-b.graphite;L;2900075085040;8713215917958;2;COT 98%,EA 2%;62034235;690;BD;600;15,38;CHF;14,46
824197;26;10-06-2025;00036464;PG41010;Garcia;Bermuda/Shorts;EKA00000200022145;5104-hessian;5104-hessian;S;2900075086023;8713215918009;2;COT 98%,EA 2%;62034235;690;BD;600;15,38;CHF;14,46
824197;26;10-06-2025;00036482;R40224;Garcia;Singlets;EKA00000200022439;1448-ecru;1448-ecru;S;2900075109029;8713215868823;2;RPL 65%,COT 34%,EA 1%;61099020;86;CN;75;8,10;CHF;7,61
824197;26;10-06-2025;00036482;R40224;Garcia;Singlets;EKA00000200022439;1448-ecru;1448-ecru;XL;2900075109050;8713215868854;1;RPL 65%,COT 34%,EA 1%;61099020;86;CN;75;8,10;CHF;7,61
824197;26;10-06-2025;00036482;R40224;Garcia;Singlets;EKA00000200022460;9434 -papaya punch;9434 -papaya punch;S;2900075906024;8713215868946;1;RPL 65%,COT 34%,EA 1%;61099020;86;CN;75;8,10;CHF;7,61
824197;26;10-06-2025;00036485;R40315;Garcia;20;EKA00000200022055;1173-morning blue;1173-morning blue;XS;2900075112012;8713215871199;1;COT 100%;62046239;417;CN;369;17,98;CHF;16,90
824197;26;10-06-2025;00036487;R40340;Garcia;Bermuda/Shorts;EKA00000200022460;9434 -papaya punch;9434 -papaya punch;M;2900075114030;8713215871700;1;RPL 98%,EA 2%;61046300;345;CN;300;11,23;CHF;10,56
824197;26;10-06-2025;00036537;PG42002;Garcia;Pants denim;EKA00000200022474;4554-bleached;4554-bleached;140;2900075174072;8713215964280;1;COT 100%;62046231;690;CN;600;16,07;CHF;15,11
824197;26;10-06-2025;00036656;PG41018;Garcia;T-shirts.s(incl singlets);EKA00000200022239;4631-salsa;4631-salsa;M;2900075352029;8717519006165;2;COT 73%,PL 27%;61091000;173;TR;150;5,83;CHF;5,48
824197;26;10-06-2025;00036657;PG41223;Garcia;T-shirts.s(incl singlets);EKA00000200016592;292-dark moon;292-dark moon;M;2900075357024;8717519006646;2;COT 60%,PL 40%;61091000;173;TR;150;9,25;CHF;8,70
824197;26;10-06-2025;00036661;PG40050;Garcia;Shirt short sleeves;EKA00000200022151;912-almond;912-almond;L;2900075368044;8717519008053;2;OT 100%;62064000;115;IN;100;13,57;CHF;12,76
824197;26;10-06-2025;00036984;R41202;Garcia;T-shirts.s(incl singlets);EKA00000200022556;9832-bright apple;9832-bright apple;XXXL;2900075856060;8713215877962;1;COT 100%;61091000;173;BD;150;3,51;CHF;3,30
824197;26;10-06-2025;00036987;Q41001;Garcia;T-shirts.s(incl singlets);EKA00000200008276;70-marine;70-marine;XXL;2900075862054;8713215879386;1;COT 100%;61091000;173;BD;150;4,48;CHF;4,21
824197;26;10-06-2025;00036987;Q41001;Garcia;T-shirts.s(incl singlets);EKA00000200019907;50-white;50-white;XL;2900075861040;8713215879256;1;COT 100%;61091000;173;BD;150;4,48;CHF;4,21
824197;26;10-06-2025;00037013;R40206;Garcia;T-shirts.s(incl singlets);EKA00000200019884;53-off white;53-off white;XL;2900075900053;8713215871991;1;RPL 65%,VIS 35%;61099020;173;CN;150;7,49;CHF;7,04
824197;26;10-06-2025;00037013;R40206;Garcia;T-shirts.s(incl singlets);EKA00000200022460;9434 -papaya punch;9434 -papaya punch;XL;2900075901050;8713215872059;1;RPL 65%,VIS 35%;61099020;173;CN;150;6,75;CHF;6,35
824197;26;10-06-2025;00037014;R40207;Garcia;T-shirts.s(incl singlets);EKA00000200016753;60-black;60-black;S;2900076628024;8713215887879;1;COT 69%,PL 23%,MTA 8%;61091000;173;CN;150;6,66;CHF;6,26
824197;26;10-06-2025;00037014;R40207;Garcia;T-shirts.s(incl singlets);EKA00000200016753;60-black;60-black;M;2900076628031;8713215887886;4;COT 69%,PL 23%,MTA 8%;61091000;173;CN;150;6,66;CHF;6,26
824197;26;10-06-2025;00037014;R40207;Garcia;T-shirts.s(incl singlets);EKA00000200016753;60-black;60-black;L;2900076628048;8713215887893;2;COT 69%,PL 23%,MTA 8%;61091000;173;CN;150;6,66;CHF;6,26
824197;26;10-06-2025;00037014;R40207;Garcia;T-shirts.s(incl singlets);EKA00000200022388;3817-safari gold;3817-safari gold;S;2900075902026;8713215887817;1;COT 69%,PL 23%,MTA 8%;61091000;173;CN;150;6,68;CHF;6,28
824197;26;10-06-2025;00037014;R40207;Garcia;T-shirts.s(incl singlets);EKA00000200022388;3817-safari gold;3817-safari gold;M;2900075902033;8713215887824;2;COT 69%,PL 23%,MTA 8%;61091000;173;CN;150;6,67;CHF;6,27
824197;26;10-06-2025;00037015;R40208;Garcia;T-shirts.s(incl singlets);EKA00000200016753;60-black;60-black;L;2900076629045;8713215888081;1;PL 96%,EA 4%;61099020;173;CN;150;6,22;CHF;5,85
824197;26;10-06-2025;00037015;R40208;Garcia;T-shirts.s(incl singlets);EKA00000200019884;53-off white;53-off white;S;2900075904020;8713215888005;1;PL 96%,EA 4%;61099020;173;CN;150;6,31;CHF;5,93
824197;26;10-06-2025;00037015;R40208;Garcia;T-shirts.s(incl singlets);EKA00000200019884;53-off white;53-off white;XL;2900075904051;8713215888036;1;PL 96%,EA 4%;61099020;173;CN;150;6,20;CHF;5,83
824197;26;10-06-2025;00037015;R40208;Garcia;T-shirts.s(incl singlets);EKA00000200022460;9434 -papaya punch;9434 -papaya punch;M;2900075905034;8713215888135;1;PL 96%,EA 4%;61099020;173;CN;150;8,06;CHF;7,58
824197;26;10-06-2025;00037016;R41201;Garcia;T-shirts.s(incl singlets);EKA00000200008276;70-marine;70-marine;S;2900076398019;8713215878044;1;COT 100%;61091000;173;BD;150;4,48;CHF;4,21
824197;26;10-06-2025;00037016;R41201;Garcia;T-shirts.s(incl singlets);EKA00000200008276;70-marine;70-marine;XXL;2900076398057;8713215878082;1;COT 100%;61091000;173;BD;150;4,48;CHF;4,21
824197;26;10-06-2025;00037016;R41201;Garcia;T-shirts.s(incl singlets);EKA00000200022556;9832-bright apple;9832-bright apple;XXXL;2900075908066;8713215878150;1;COT 100%;61091000;173;BD;150;4,48;CHF;4,21
824197;26;10-06-2025;00037020;R41295;Garcia;Shirt short sleeves;EKA00000200020610;2034-stripe blue;2034-stripe blue;L;2900075913039;8713215868106;1;COT 100%;62052000;230;IN;200;13,47;CHF;12,66
824197;26;10-06-2025;00037022;R41208;Garcia;T-shirts.s(incl singlets);EKA00000200008276;70-marine;70-marine;XXL;2900076401054;8713215888722;1;COT 100%;61091000;173;BD;150;6,75;CHF;6,35
824197;26;10-06-2025;00037026;682/32;Garcia;Pants denim;EKA00000200022571;3318-medium used;3318-medium used;32-32;2900075927067;8717519093837;1;COT 80%,RCO 20%;62034231;920;BD;800;17,06;CHF;16,04
824197;26;10-06-2025;00037359;PG52004;Garcia;Bermuda/Shorts;EKA00000200022592;9022-dark used;9022-dark used;146;2900076339043;8717519137470;1;COT 100%;62046239;311;CN;270;12,33;CHF;11,59
824197;26;10-06-2025;00037380;Z0056;Garcia;Singlets;EKA00000200016753;60-black;60-black;S;2900076369064;8717519142450;1;COT 96%,EA 4%;61091000;86;CN;75;5,76;CHF;5,41
824197;26;10-06-2025;00037402;R41220;Garcia;Polo;EKA00000200008276;70-marine;70-marine;S;2900076402013;8713215869882;1;COT 70%,RCO 30%;61091000;288;BD;250;8,99;CHF;8,45
824197;26;10-06-2025;00037408;PG41027;Garcia;T-shirts.s(incl singlets);EKA00000200022560;6792-light sage;6792-light sage;XL;2900076418045;8713215983564;1;COT 100%;61091000;173;BD;150;6,70;CHF;6,30
824197;26;10-06-2025;00037409;Z1144;Garcia;Bermuda/Shorts;EKA00000200016592;292-dark moon;292-dark moon;XL;2900076423056;8713215899032;1;COT 98%,EA 2%;62034235;460;BD;400;12,89;CHF;12,12
824197;26;10-06-2025;00037429;Q41113;Garcia;Bermuda/Shorts;EKA00000200021394;2768-kit;2768-kit;XXL;2900076458065;8713215870475;1;COT 55%,LIN 45%;62034990;460;IN;400;14,66;CHF;13,78
824197;26;10-06-2025;00037436;PG41026;Garcia;T-shirts.s(incl singlets);EKA00000200021167;1863-dusty blue;1863-dusty blue;XXL;2900076481056;8713215949461;1;COT 100%;61091000;173;CN;150;6,97;CHF;6,55
824197;26;10-06-2025;00037447;PG51026;Garcia;Shirt long sleeves;EKA00000200019907;50-white;50-white;L;2900076523039;8717519156402;1;LIN 55%,COT 45%;62059080;288;IN;250;15,13;CHF;14,22
824197;26;10-06-2025;00037447;PG51026;Garcia;Shirt long sleeves;EKA00000200022233;4815-stone blue;4815-stone blue;M;2900076522025;8717519156334;2;LIN 55%,COT 45%;62059080;288;IN;250;15,13;CHF;14,22
824197;26;10-06-2025;00037447;PG51026;Garcia;Shirt long sleeves;EKA00000200022233;4815-stone blue;4815-stone blue;XXL;2900076522056;8717519156365;2;LIN 55%,COT 45%;62059080;288;IN;250;15,13;CHF;14,22
824197;26;10-06-2025;00037448;PG51027;Garcia;Shirt short sleeves;EKA00000200019907;50-white;50-white;XL;2900076526047;8717519156600;2;LIN 55%,COT 45%;62059080;230;IN;200;13,62;CHF;12,80
824197;26;10-06-2025;00037449;242/30;Garcia;Pants denim;EKA00000200022730;6618-medium used;6618-medium used;25-30;2900077352010;8717519150905;1;COT 79%,RCO 20%,EA 1%;62046231;805;TN;700;20,25;CHF;19,04
824197;26;10-06-2025;00037449;242/30;Garcia;Pants denim;EKA00000200022730;6618-medium used;6618-medium used;26-30;2900077352027;8717519150912;2;COT 79%,RCO 20%,EA 1%;62046231;805;TN;700;20,25;CHF;19,04
824197;26;10-06-2025;00037449;242/30;Garcia;Pants denim;EKA00000200022730;6618-medium used;6618-medium used;27-30;2900077352034;8717519150929;2;COT 79%,RCO 20%,EA 1%;62046231;805;TN;700;20,25;CHF;19,04
824197;26;10-06-2025;00037449;242/30;Garcia;Pants denim;EKA00000200022730;6618-medium used;6618-medium used;28-30;2900077352041;8717519150936;2;COT 79%,RCO 20%,EA 1%;62046231;805;TN;700;20,25;CHF;19,04
824197;26;10-06-2025;00037449;242/30;Garcia;Pants denim;EKA00000200022730;6618-medium used;6618-medium used;29-30;2900077352058;8717519150943;1;COT 79%,RCO 20%,EA 1%;62046231;805;TN;700;20,25;CHF;19,04
824197;26;10-06-2025;00037449;242/30;Garcia;Pants denim;EKA00000200022730;6618-medium used;6618-medium used;30-30;2900077352065;8717519150950;1;COT 79%,RCO 20%,EA 1%;62046231;805;TN;700;20,25;CHF;19,04
824197;26;10-06-2025;00037449;242/30;Garcia;Pants denim;EKA00000200022730;6618-medium used;6618-medium used;31-30;2900077352072;8717519150967;1;COT 79%,RCO 20%,EA 1%;62046231;805;TN;700;20,25;CHF;19,04
824197;26;10-06-2025;00037449;242/30;Garcia;Pants denim;EKA00000200022730;6618-medium used;6618-medium used;32-30;2900077352089;8717519150974;1;COT 79%,RCO 20%,EA 1%;62046231;805;TN;700;20,25;CHF;19,04
824197;26;10-06-2025;00037450;242/32;Garcia;Pants denim;EKA00000200022730;6618-medium used;6618-medium used;25-32;2900077353017;8717519151018;1;COT 79%,RCO 20%,EA 1%;62046231;805;TN;700;20,25;CHF;19,04
824197;26;10-06-2025;00037450;242/32;Garcia;Pants denim;EKA00000200022730;6618-medium used;6618-medium used;26-32;2900077353024;8717519151025;1;COT 79%,RCO 20%,EA 1%;62046231;805;TN;700;20,25;CHF;19,04
824197;26;10-06-2025;00037450;242/32;Garcia;Pants denim;EKA00000200022730;6618-medium used;6618-medium used;27-32;2900077353031;8717519151032;2;COT 79%,RCO 20%,EA 1%;62046231;805;TN;700;20,25;CHF;19,04
824197;26;10-06-2025;00037450;242/32;Garcia;Pants denim;EKA00000200022730;6618-medium used;6618-medium used;28-32;2900077353048;8717519151049;2;COT 79%,RCO 20%,EA 1%;62046231;805;TN;700;20,25;CHF;19,04
824197;26;10-06-2025;00037450;242/32;Garcia;Pants denim;EKA00000200022730;6618-medium used;6618-medium used;29-32;2900077353055;8717519151056;2;COT 79%,RCO 20%,EA 1%;62046231;805;TN;700;20,25;CHF;19,04
824197;26;10-06-2025;00037450;242/32;Garcia;Pants denim;EKA00000200022730;6618-medium used;6618-medium used;30-32;2900077353062;8717519151063;1;COT 79%,RCO 20%,EA 1%;62046231;805;TN;700;20,25;CHF;19,04
824197;26;10-06-2025;00037450;242/32;Garcia;Pants denim;EKA00000200022730;6618-medium used;6618-medium used;31-32;2900077353079;8717519151070;1;COT 79%,RCO 20%,EA 1%;62046231;805;TN;700;20,25;CHF;19,04
824197;26;10-06-2025;00037450;242/32;Garcia;Pants denim;EKA00000200022730;6618-medium used;6618-medium used;32-32;2900077353086;8717519151087;1;COT 79%,RCO 20%,EA 1%;62046231;805;TN;700;20,25;CHF;19,04
824197;26;10-06-2025;00037450;242/32;Garcia;Pants denim;EKA00000200022730;6618-medium used;6618-medium used;33-32;2900077353093;8717519151094;1;COT 79%,RCO 20%,EA 1%;62046231;805;TN;700;20,25;CHF;19,04
824197;26;10-06-2025;00037479;Q40004;Garcia;T-shirts.s(incl singlets);EKA00000200022561;7151-seagrass;7151-seagrass;M;2900076577025;8713215885035;1;RPL 65%,VIS 35%;61099020;173;TR;150;6,92;CHF;6,50
824197;26;10-06-2025;00037490;Q40140;Garcia;Bermuda/Shorts;EKA00000200022561;7151-seagrass;7151-seagrass;S;2900076594060;8713215876002;1;RPL 98%,EA 2%;61046300;345;CN;300;8,99;CHF;8,45
824197;26;10-06-2025;00037532;M42406;Garcia;T-shirts long sleeve;EKA00000200022625;5328-intense pink;5328-intense pink;152/158;2900076654030;8713215817500;3;COT 65%,RPL 35%;61091000;207;CN;180;6,75;CHF;6,35
824197;26;10-06-2025;00037532;M42406;Garcia;T-shirts long sleeve;EKA00000200022625;5328-intense pink;5328-intense pink;164/170;2900076654047;8713215817517;2;COT 65%,RPL 35%;61091000;207;CN;180;6,75;CHF;6,35
824197;26;10-06-2025;00037546;N42609;Garcia;T-shirts long sleeve;EKA00000200022626;5615-wild lime;5615-wild lime;176;2900076671051;8713215818019;1;COT 53%,PL 40%,EA 7%;61091000;150;CN;130;6,75;CHF;6,35
824197;26;10-06-2025;00037549;N42653;Garcia;Colberts (incl gilets);EKA00000200022361;3213-washed terra;3213-washed terra;152/158;2900076674038;8713215823327;2;COT 80%,PL 20%;61043200;748;BD;650;11,23;CHF;10,56
824197;26;10-06-2025;00037581;P42689;Garcia;Dresses;EKA00000200022636;7219-citrus orange;7219-citrus orange;164/170;2900076716042;8713215913318;1;RPL 97%,EA 3%;61044400;230;CN;200;11,23;CHF;10,56
824197;26;10-06-2025;00037581;P42689;Garcia;Dresses;EKA00000200022636;7219-citrus orange;7219-citrus orange;176;2900076716059;8713215913325;2;RPL 97%,EA 3%;61044400;230;CN;200;11,23;CHF;10,56
824197;26;10-06-2025;00037585;Q42402;Garcia;T-shirts.s(incl singlets);EKA00000200019884;53-off white;53-off white;152/158;2900076721039;8713215880863;1;COT 100%;61091000;150;IN;130;4,48;CHF;4,21
824197;26;10-06-2025;00037586;Q42403;Garcia;T-shirts.s(incl singlets);EKA00000200019884;53-off white;53-off white;152/158;2900076722036;8713215880429;2;PL 97%,EA 3%;61099020;150;CN;130;4,38;CHF;4,12
824197;26;10-06-2025;00037616;O43402;Garcia;T-shirts.s(incl singlets);EKA00000200017941;625-white melee;625-white melee;164/170;2900076762049;8713215844308;1;COT 100%;61091000;150;BD;130;4,48;CHF;4,21
824197;26;10-06-2025;00037662;P42601;Garcia;T-shirts.s(incl singlets);EKA00000200022636;7219-citrus orange;7219-citrus orange;164/170;2900076828042;8713215880818;1;COT 100%;61091000;150;BD;130;3,38;CHF;3,18
824197;26;10-06-2025;00037667;Z1193;Garcia;Accessory;EKA00000200016753;60-black;60-black;40-46;2900076837020;8717519147981;1;COT 75%,POL 23%,EA 2%;61159500;115;DK;100;5,20;CHF;4,89
824197;26;10-06-2025;00037667;Z1193;Garcia;Accessory;EKA00000200019907;50-white;50-white;36-42;2900076836016;8717519148001;3;COT 75%,POL 23%,EA 2%;61159500;115;DK;100;5,20;CHF;4,89
824197;26;10-06-2025;00037723;PG51050;Garcia;Pants non denim;EKA00000200022446;2050-sage green;2050-sage green;S;2900076902025;8717519152459;1;COT 55%,LIN 45%;62034235;690;IN;600;21,51;CHF;20,22
824197;26;10-06-2025;00037744;PG50025;Garcia;T-shirts.s(incl singlets);EKA00000200016753;60-black;60-black;L;2900076927042;8717519162267;1;COT 100%;61091000;173;CN;150;6,60;CHF;6,20
824197;26;10-06-2025;00037775;PG51030;Garcia;Polo;EKA00000200021394;2768-kit;2768-kit;M;2900076977023;8717519211675;2;COT 100%;61091000;288;CN;250;13,14;CHF;12,35
824197;26;10-06-2025;00037775;PG51030;Garcia;Polo;EKA00000200021394;2768-kit;2768-kit;XXL;2900076977054;8717519211705;1;COT 100%;61091000;288;CN;250;13,14;CHF;12,35
824197;26;10-06-2025;00037775;PG51030;Garcia;Polo;EKA00000200022233;4815-stone blue;4815-stone blue;XL;2900076978044;8717519211750;2;COT 100%;61091000;288;CN;250;13,14;CHF;12,35
824197;26;10-06-2025;00037786;PG51029;Garcia;T-shirts.s(incl singlets);EKA00000200022446;2050-sage green;2050-sage green;L;2900076995034;8717519214126;1;COT 75%,PL 25%;61091000;173;BD;150;5,22;CHF;4,91
824197;26;10-06-2025;00037787;PG51028;Garcia;T-shirts.s(incl singlets);EKA00000200017943;1464-milk melee;1464-milk melee;M;2900076997045;8717519213983;1;COT 60%,RPL 40%;61091000;173;BD;150;5,00;CHF;4,70
824197;26;10-06-2025;00037789;PG51031;Garcia;T-shirts.s(incl singlets);EKA00000200020875;2591-deep ink;2591-deep ink;M;2900077004025;8717519213792;1;COT 70%,PL 30%;61091000;173;BD;150;5,82;CHF;5,47
824197;26;10-06-2025;00037789;PG51031;Garcia;T-shirts.s(incl singlets);EKA00000200020875;2591-deep ink;2591-deep ink;L;2900077004032;8717519213808;1;COT 70%,PL 30%;61091000;173;BD;150;5,82;CHF;5,47
824197;26;10-06-2025;00037789;PG51031;Garcia;T-shirts.s(incl singlets);EKA00000200021394;2768-kit;2768-kit;L;2900077005039;8717519213860;1;COT 70%,PL 30%;61091000;173;BD;150;5,82;CHF;5,47
824197;26;10-06-2025;00037789;PG51031;Garcia;T-shirts.s(incl singlets);EKA00000200022446;2050-sage green;2050-sage green;M;2900077003028;8717519213730;2;COT 70%,PL 30%;61091000;173;BD;150;5,82;CHF;5,47
824197;26;10-06-2025;00037789;PG51031;Garcia;T-shirts.s(incl singlets);EKA00000200022446;2050-sage green;2050-sage green;L;2900077003035;8717519213747;1;COT 70%,PL 30%;61091000;173;BD;150;5,82;CHF;5,47
824197;26;10-06-2025;00037789;PG51031;Garcia;T-shirts.s(incl singlets);EKA00000200022446;2050-sage green;2050-sage green;XL;2900077003042;8717519213754;2;COT 70%,PL 30%;61091000;173;BD;150;5,82;CHF;5,47
824197;26;10-06-2025;00037789;PG51031;Garcia;T-shirts.s(incl singlets);EKA00000200022602;8918-light teal;8918-light teal;L;2900077006036;8717519213921;1;COT 70%,PL 30%;61091000;173;BD;150;5,82;CHF;5,47
824197;26;10-06-2025;00037790;PG50036;Garcia;Shirt short sleeves;EKA00000200016753;60-black;60-black;S;2900077008023;8717519214836;1;VIS 100%;62064000;115;CN;100;11,19;CHF;10,52
824197;26;10-06-2025;00037790;PG50036;Garcia;Shirt short sleeves;EKA00000200016753;60-black;60-black;M;2900077008030;8717519214843;1;VIS 100%;62064000;115;CN;100;11,19;CHF;10,52
824197;26;10-06-2025;00037862;Z0052/C;Van Zon mode;Accessory;318;318-natural;318;XS;2900077108013;;1;LEA100%;42033000;80;NL;70;6,61;CHF;6,21
824197;26;10-06-2025;00037863;PG52007;Garcia;Sweaters;EKA00000200019884;53-off white;53-off white;152/158;2900077110030;8717519218261;1;COT 80%,PL 20%;61102099;403;BD;350;8,17;CHF;7,68
824197;26;10-06-2025;00037863;PG52007;Garcia;Sweaters;EKA00000200022472;6893-daisy blush;6893-daisy blush;152/158;2900077111037;8717519218315;1;COT 80%,PL 20%;61102099;403;BD;350;8,17;CHF;7,68
824197;26;10-06-2025;00037867;S43400;Garcia;T-shirts.s(incl singlets);EKA00000200021671;2884-dark grey;2884-dark grey;140/146;2900077118029;8717519216953;1;COT 50%,RCO 50%;61091000;150;IN;130;4,48;CHF;4,21
824197;26;10-06-2025;00037868;S42402;Garcia;T-shirts.s(incl singlets);EKA00000200022472;6893-daisy blush;6893-daisy blush;140/146;2900077121029;8717519216854;1;COT 100%;61091000;150;BD;130;4,48;CHF;4,21
824197;26;10-06-2025;00037868;S42402;Garcia;T-shirts.s(incl singlets);EKA00000200022472;6893-daisy blush;6893-daisy blush;152/158;2900077121036;8717519216861;2;COT 100%;61091000;150;BD;130;4,48;CHF;4,21
824197;26;10-06-2025;00037995;R41205;Garcia;T-shirts.s(incl singlets);EKA00000200017943;1464-milk melee;1464-milk melee;XXXL;2900077302060;8713215877573;1;COT 60%,RPL 40%;61091000;173;CN;150;8,10;CHF;7,61
824197;26;10-06-2025;00038100;A53602;Garcia;T-shirts.s(incl singlets);EKA00000200019884;53-off white;53-off white;152/158;2900077465031;8717519058348;1;COT 50%,RCO 50%;61091000;150;IN;130;5,86;CHF;5,51
824197;26;10-06-2025;00038254;B53401;Garcia;T-shirts.s(incl singlets);EKA00000200022776;7564-evening;7564-evening;152/158;2900077680038;8717519040701;1;COT 70%,RCO 30%;63079098;150;BD;130;4,05;CHF;3,81
824197;26;10-06-2025;00038263;C53604;Garcia;T-shirts.s(incl singlets);EKA00000200022775;8384-charcoal;8384-charcoal;152/158;2900077691027;8717519037206;1;COT 80%,PL 15%,EA 5%;63079098;150;BD;130;6,75;CHF;6,35
